n,r,epsilon,seed,var_a,var_b,raw_mi_nats,synthetic_mi_nats,abs_mi_error_nats
3000,0,0.1,0,age,education_num,0.041517,0.007771,0.033746
3000,0,0.1,0,age,hours_per_week,0.131864,0.003316,0.128547
3000,0,0.1,0,age,income_class,0.129583,0.003871,0.125712
3000,0,0.1,0,education_num,hours_per_week,0.03584,0.004762,0.031078
3000,0,0.1,0,education_num,income_class,0.286015,0.0081,0.277915
3000,0,0.1,0,hours_per_week,income_class,0.045989,0.002084,0.043905
3000,0,0.1,1,age,education_num,0.041517,0.009585,0.031931
3000,0,0.1,1,age,hours_per_week,0.131864,0.003072,0.128792
3000,0,0.1,1,age,income_class,0.129583,0.003293,0.12629
3000,0,0.1,1,education_num,hours_per_week,0.03584,0.008113,0.027727
3000,0,0.1,1,education_num,income_class,0.286015,0.007023,0.278992
3000,0,0.1,1,hours_per_week,income_class,0.045989,0.00382,0.042168
3000,0,0.1,2,age,education_num,0.041517,0.008348,0.033169
3000,0,0.1,2,age,hours_per_week,0.131864,0.00373,0.128133
3000,0,0.1,2,age,income_class,0.129583,0.002839,0.126744
3000,0,0.1,2,education_num,hours_per_week,0.03584,0.008054,0.027786
3000,0,0.1,2,education_num,income_class,0.286015,0.006585,0.27943
3000,0,0.1,2,hours_per_week,income_class,0.045989,0.005284,0.040705
3000,0,0.1,3,age,education_num,0.041517,0.009247,0.03227
3000,0,0.1,3,age,hours_per_week,0.131864,0.005929,0.125935
3000,0,0.1,3,age,income_class,0.129583,0.002768,0.126815
3000,0,0.1,3,education_num,hours_per_week,0.03584,0.008403,0.027437
3000,0,0.1,3,education_num,income_class,0.286015,0.004489,0.281526
3000,0,0.1,3,hours_per_week,income_class,0.045989,0.00281,0.043179
3000,0,0.1,4,age,education_num,0.041517,0.008402,0.033115
3000,0,0.1,4,age,hours_per_week,0.131864,0.004071,0.127793
3000,0,0.1,4,age,income_class,0.129583,0.004279,0.125304
3000,0,0.1,4,education_num,hours_per_week,0.03584,0.012518,0.023322
3000,0,0.1,4,education_num,income_class,0.286015,0.008276,0.277738
3000,0,0.1,4,hours_per_week,income_class,0.045989,0.003595,0.042393
3000,0,0.5,0,age,education_num,0.041517,0.007338,0.034179
3000,0,0.5,0,age,hours_per_week,0.131864,0.003154,0.12871
3000,0,0.5,0,age,income_class,0.129583,0.003338,0.126245
3000,0,0.5,0,education_num,hours_per_week,0.03584,0.0056,0.03024
3000,0,0.5,0,education_num,income_class,0.286015,0.01168,0.274334
3000,0,0.5,0,hours_per_week,income_class,0.045989,0.002647,0.043342
3000,0,0.5,1,age,education_num,0.041517,0.008644,0.032872
3000,0,0.5,1,age,hours_per_week,0.131864,0.003431,0.128433
3000,0,0.5,1,age,income_class,0.129583,0.004372,0.125211
3000,0,0.5,1,education_num,hours_per_week,0.03584,0.008891,0.026949
3000,0,0.5,1,education_num,income_class,0.286015,0.007807,0.278207
3000,0,0.5,1,hours_per_week,income_class,0.045989,0.004954,0.041035
3000,0,0.5,2,age,education_num,0.041517,0.008541,0.032975
3000,0,0.5,2,age,hours_per_week,0.131864,0.002958,0.128905
3000,0,0.5,2,age,income_class,0.129583,0.003229,0.126354
3000,0,0.5,2,education_num,hours_per_week,0.03584,0.008275,0.027565
3000,0,0.5,2,education_num,income_class,0.286015,0.006194,0.27982
3000,0,0.5,2,hours_per_week,income_class,0.045989,0.004635,0.041354
3000,0,0.5,3,age,education_num,0.041517,0.00915,0.032367
3000,0,0.5,3,age,hours_per_week,0.131864,0.004939,0.126924
3000,0,0.5,3,age,income_class,0.129583,0.001852,0.127731
3000,0,0.5,3,education_num,hours_per_week,0.03584,0.010501,0.025339
3000,0,0.5,3,education_num,income_class,0.286015,0.006725,0.27929
3000,0,0.5,3,hours_per_week,income_class,0.045989,0.002792,0.043196
3000,0,0.5,4,age,education_num,0.041517,0.009347,0.03217
3000,0,0.5,4,age,hours_per_week,0.131864,0.004459,0.127404
3000,0,0.5,4,age,income_class,0.129583,0.004726,0.124857
3000,0,0.5,4,education_num,hours_per_week,0.03584,0.009318,0.026522
3000,0,0.5,4,education_num,income_class,0.286015,0.007638,0.278376
3000,0,0.5,4,hours_per_week,income_class,0.045989,0.006646,0.039343
3000,0,1.0,0,age,education_num,0.041517,0.00772,0.033797
3000,0,1.0,0,age,hours_per_week,0.131864,0.004017,0.127846
3000,0,1.0,0,age,income_class,0.129583,0.00496,0.124623
3000,0,1.0,0,education_num,hours_per_week,0.03584,0.008561,0.027279
3000,0,1.0,0,education_num,income_class,0.286015,0.010471,0.275543
3000,0,1.0,0,hours_per_week,income_class,0.045989,0.003038,0.042951
3000,0,1.0,1,age,education_num,0.041517,0.009561,0.031956
3000,0,1.0,1,age,hours_per_week,0.131864,0.003149,0.128715
3000,0,1.0,1,age,income_class,0.129583,0.003485,0.126098
3000,0,1.0,1,education_num,hours_per_week,0.03584,0.008901,0.026939
3000,0,1.0,1,education_num,income_class,0.286015,0.007325,0.27869
3000,0,1.0,1,hours_per_week,income_class,0.045989,0.003198,0.042791
3000,0,1.0,2,age,education_num,0.041517,0.008608,0.032909
3000,0,1.0,2,age,hours_per_week,0.131864,0.003285,0.128578
3000,0,1.0,2,age,income_class,0.129583,0.003261,0.126322
3000,0,1.0,2,education_num,hours_per_week,0.03584,0.008423,0.027417
3000,0,1.0,2,education_num,income_class,0.286015,0.006453,0.279562
3000,0,1.0,2,hours_per_week,income_class,0.045989,0.005526,0.040463
3000,0,1.0,3,age,education_num,0.041517,0.009309,0.032208
3000,0,1.0,3,age,hours_per_week,0.131864,0.005179,0.126685
3000,0,1.0,3,age,income_class,0.129583,0.002019,0.127564
3000,0,1.0,3,education_num,hours_per_week,0.03584,0.012284,0.023556
3000,0,1.0,3,education_num,income_class,0.286015,0.007602,0.278413
3000,0,1.0,3,hours_per_week,income_class,0.045989,0.003606,0.042383
3000,0,1.0,4,age,education_num,0.041517,0.00796,0.033557
3000,0,1.0,4,age,hours_per_week,0.131864,0.004197,0.127667
3000,0,1.0,4,age,income_class,0.129583,0.004796,0.124787
3000,0,1.0,4,education_num,hours_per_week,0.03584,0.009827,0.026013
3000,0,1.0,4,education_num,income_class,0.286015,0.007185,0.278829
3000,0,1.0,4,hours_per_week,income_class,0.045989,0.006756,0.039233
3000,0,2.0,0,age,education_num,0.041517,0.007658,0.033859
3000,0,2.0,0,age,hours_per_week,0.131864,0.004519,0.127344
3000,0,2.0,0,age,income_class,0.129583,0.00486,0.124723
3000,0,2.0,0,education_num,hours_per_week,0.03584,0.008037,0.027803
3000,0,2.0,0,education_num,income_class,0.286015,0.009809,0.276205
3000,0,2.0,0,hours_per_week,income_class,0.045989,0.002375,0.043614
3000,0,2.0,1,age,education_num,0.041517,0.009661,0.031856
3000,0,2.0,1,age,hours_per_week,0.131864,0.003715,0.128149
3000,0,2.0,1,age,income_class,0.129583,0.003585,0.125998
3000,0,2.0,1,education_num,hours_per_week,0.03584,0.00887,0.02697
3000,0,2.0,1,education_num,income_class,0.286015,0.006397,0.279618
3000,0,2.0,1,hours_per_week,income_class,0.045989,0.002998,0.04299
3000,0,2.0,2,age,education_num,0.041517,0.008486,0.033031
3000,0,2.0,2,age,hours_per_week,0.131864,0.002383,0.129481
3000,0,2.0,2,age,income_class,0.129583,0.004056,0.125527
3000,0,2.0,2,education_num,hours_per_week,0.03584,0.009563,0.026277
3000,0,2.0,2,education_num,income_class,0.286015,0.0076,0.278415
3000,0,2.0,2,hours_per_week,income_class,0.045989,0.00644,0.039548
3000,0,2.0,3,age,education_num,0.041517,0.00828,0.033237
3000,0,2.0,3,age,hours_per_week,0.131864,0.00489,0.126973
3000,0,2.0,3,age,income_class,0.129583,0.003041,0.126541
3000,0,2.0,3,education_num,hours_per_week,0.03584,0.009768,0.026072
3000,0,2.0,3,education_num,income_class,0.286015,0.008359,0.277655
3000,0,2.0,3,hours_per_week,income_class,0.045989,0.004071,0.041918
3000,0,2.0,4,age,education_num,0.041517,0.007743,0.033774
3000,0,2.0,4,age,hours_per_week,0.131864,0.004172,0.127691
3000,0,2.0,4,age,income_class,0.129583,0.005199,0.124384
3000,0,2.0,4,education_num,hours_per_week,0.03584,0.01067,0.02517
3000,0,2.0,4,education_num,income_class,0.286015,0.007925,0.278089
3000,0,2.0,4,hours_per_week,income_class,0.045989,0.006651,0.039338
3000,1,0.1,0,age,education_num,0.041517,0.152211,0.110694
3000,1,0.1,0,age,hours_per_week,0.131864,0.099842,0.032021
3000,1,0.1,0,age,income_class,0.129583,0.495914,0.366332
3000,1,0.1,0,education_num,hours_per_week,0.03584,0.13499,0.09915
3000,1,0.1,0,education_num,income_class,0.286015,0.602061,0.316047
3000,1,0.1,0,hours_per_week,income_class,0.045989,0.426861,0.380872
3000,1,0.1,1,age,education_num,0.041517,0.695559,0.654042
3000,1,0.1,1,age,hours_per_week,0.131864,0.542269,0.410405
3000,1,0.1,1,age,income_class,0.129583,0.115475,0.014108
3000,1,0.1,1,education_num,hours_per_week,0.03584,0.199885,0.164045
3000,1,0.1,1,education_num,income_class,0.286015,0.443587,0.157572
3000,1,0.1,1,hours_per_week,income_class,0.045989,0.029075,0.016913
3000,1,0.1,2,age,education_num,0.041517,0.074726,0.033209
3000,1,0.1,2,age,hours_per_week,0.131864,0.600766,0.468902
3000,1,0.1,2,age,income_class,0.129583,0.188171,0.058588
3000,1,0.1,2,education_num,hours_per_week,0.03584,0.026681,0.009159
3000,1,0.1,2,education_num,income_class,0.286015,0.608556,0.322541
3000,1,0.1,2,hours_per_week,income_class,0.045989,0.031585,0.014404
3000,1,0.1,3,age,education_num,0.041517,0.821868,0.780351
3000,1,0.1,3,age,hours_per_week,0.131864,0.550956,0.419092
3000,1,0.1,3,age,income_class,0.129583,0.306922,0.177339
3000,1,0.1,3,education_num,hours_per_week,0.03584,0.23265,0.19681
3000,1,0.1,3,education_num,income_class,0.286015,0.082029,0.203986
3000,1,0.1,3,hours_per_week,income_class,0.045989,0.088935,0.042946
3000,1,0.1,4,age,education_num,0.041517,0.058042,0.016525
3000,1,0.1,4,age,hours_per_week,0.131864,0.369425,0.237561
3000,1,0.1,4,age,income_class,0.129583,0.013043,0.11654
3000,1,0.1,4,education_num,hours_per_week,0.03584,0.388204,0.352364
3000,1,0.1,4,education_num,income_class,0.286015,0.545607,0.259592
3000,1,0.1,4,hours_per_week,income_class,0.045989,0.062872,0.016883
3000,1,0.5,0,age,education_num,0.041517,0.03751,0.004007
3000,1,0.5,0,age,hours_per_week,0.131864,0.02328,0.108584
3000,1,0.5,0,age,income_class,0.129583,0.170598,0.041015
3000,1,0.5,0,education_num,hours_per_week,0.03584,0.042276,0.006436
3000,1,0.5,0,education_num,income_class,0.286015,0.341599,0.055584
3000,1,0.5,0,hours_per_week,income_class,0.045989,0.193076,0.147087
3000,1,0.5,1,age,education_num,0.041517,0.19991,0.158394
3000,1,0.5,1,age,hours_per_week,0.131864,0.226576,0.094712
3000,1,0.5,1,age,income_class,0.129583,0.010442,0.119141
3000,1,0.5,1,education_num,hours_per_week,0.03584,0.021521,0.014319
3000,1,0.5,1,education_num,income_class,0.286015,0.188946,0.097069
3000,1,0.5,1,hours_per_week,income_class,0.045989,0.00533,0.040658
3000,1,0.5,2,age,education_num,0.041517,0.059142,0.017625
3000,1,0.5,2,age,hours_per_week,0.131864,0.00513,0.126734
3000,1,0.5,2,age,income_class,0.129583,0.166757,0.037175
3000,1,0.5,2,education_num,hours_per_week,0.03584,0.320048,0.284208
3000,1,0.5,2,education_num,income_class,0.286015,0.324401,0.038386
3000,1,0.5,2,hours_per_week,income_class,0.045989,0.027758,0.01823
3000,1,0.5,3,age,education_num,0.041517,0.228473,0.186957
3000,1,0.5,3,age,hours_per_week,0.131864,0.004596,0.127267
3000,1,0.5,3,age,income_class,0.129583,0.024379,0.105204
3000,1,0.5,3,education_num,hours_per_week,0.03584,0.042388,0.006548
3000,1,0.5,3,education_num,income_class,0.286015,0.264251,0.021763
3000,1,0.5,3,hours_per_week,income_class,0.045989,0.158249,0.11226
3000,1,0.5,4,age,education_num,0.041517,0.014147,0.027369
3000,1,0.5,4,age,hours_per_week,0.131864,0.174592,0.042728
3000,1,0.5,4,age,income_class,0.129583,0.003451,0.126132
3000,1,0.5,4,education_num,hours_per_week,0.03584,0.131029,0.095189
3000,1,0.5,4,education_num,income_class,0.286015,0.354232,0.068218
3000,1,0.5,4,hours_per_week,income_class,0.045989,0.015646,0.030343
3000,1,1.0,0,age,education_num,0.041517,0.034656,0.006861
3000,1,1.0,0,age,hours_per_week,0.131864,0.025899,0.105964
3000,1,1.0,0,age,income_class,0.129583,0.133963,0.00438
3000,1,1.0,0,education_num,hours_per_week,0.03584,0.033741,0.002099
3000,1,1.0,0,education_num,income_class,0.286015,0.28082,0.005195
3000,1,1.0,0,hours_per_week,income_class,0.045989,0.129689,0.083701
3000,1,1.0,1,age,education_num,0.041517,0.09792,0.056404
3000,1,1.0,1,age,hours_per_week,0.131864,0.147307,0.015443
3000,1,1.0,1,age,income_class,0.129583,0.008124,0.121459
3000,1,1.0,1,education_num,hours_per_week,0.03584,0.013074,0.022766
3000,1,1.0,1,education_num,income_class,0.286015,0.213446,0.072569
3000,1,1.0,1,hours_per_week,income_class,0.045989,0.003606,0.042383
3000,1,1.0,2,age,education_num,0.041517,0.055204,0.013687
3000,1,1.0,2,age,hours_per_week,0.131864,0.019885,0.111978
3000,1,1.0,2,age,income_class,0.129583,0.140853,0.01127
3000,1,1.0,2,education_num,hours_per_week,0.03584,0.037437,0.001597
3000,1,1.0,2,education_num,income_class,0.286015,0.287918,0.001903
3000,1,1.0,2,hours_per_week,income_class,0.045989,0.123781,0.077793
3000,1,1.0,3,age,education_num,0.041517,0.010801,0.030716
3000,1,1.0,3,age,hours_per_week,0.131864,0.19633,0.064467
3000,1,1.0,3,age,income_class,0.129583,0.011893,0.11769
3000,1,1.0,3,education_num,hours_per_week,0.03584,0.033202,0.002638
3000,1,1.0,3,education_num,income_class,0.286015,0.257279,0.028735
3000,1,1.0,3,hours_per_week,income_class,0.045989,0.112936,0.066947
3000,1,1.0,4,age,education_num,0.041517,0.037323,0.004193
3000,1,1.0,4,age,hours_per_week,0.131864,0.136621,0.004757
3000,1,1.0,4,age,income_class,0.129583,0.177416,0.047833
3000,1,1.0,4,education_num,hours_per_week,0.03584,0.009025,0.026815
3000,1,1.0,4,education_num,income_class,0.286015,0.265188,0.020826
3000,1,1.0,4,hours_per_week,income_class,0.045989,0.007143,0.038845
3000,1,2.0,0,age,education_num,0.041517,0.044309,0.002792
3000,1,2.0,0,age,hours_per_week,0.131864,0.022273,0.109591
3000,1,2.0,0,age,income_class,0.129583,0.124383,0.0052
3000,1,2.0,0,education_num,hours_per_week,0.03584,0.033561,0.002279
3000,1,2.0,0,education_num,income_class,0.286015,0.278368,0.007647
3000,1,2.0,0,hours_per_week,income_class,0.045989,0.086647,0.040658
3000,1,2.0,1,age,education_num,0.041517,0.038576,0.002941
3000,1,2.0,1,age,hours_per_week,0.131864,0.151793,0.019929
3000,1,2.0,1,age,income_class,0.129583,0.152678,0.023095
3000,1,2.0,1,education_num,hours_per_week,0.03584,0.008624,0.027216
3000,1,2.0,1,education_num,income_class,0.286015,0.236552,0.049463
3000,1,2.0,1,hours_per_week,income_class,0.045989,0.008673,0.037316
3000,1,2.0,2,age,education_num,0.041517,0.061862,0.020345
3000,1,2.0,2,age,hours_per_week,0.131864,0.007687,0.124177
3000,1,2.0,2,age,income_class,0.129583,0.170977,0.041394
3000,1,2.0,2,education_num,hours_per_week,0.03584,0.092242,0.056402
3000,1,2.0,2,education_num,income_class,0.286015,0.26741,0.018605
3000,1,2.0,2,hours_per_week,income_class,0.045989,0.021343,0.024645
3000,1,2.0,3,age,education_num,0.041517,0.043171,0.001655
3000,1,2.0,3,age,hours_per_week,0.131864,0.108393,0.023471
3000,1,2.0,3,age,income_class,0.129583,0.132706,0.003124
3000,1,2.0,3,education_num,hours_per_week,0.03584,0.010402,0.025438
3000,1,2.0,3,education_num,income_class,0.286015,0.254658,0.031356
3000,1,2.0,3,hours_per_week,income_class,0.045989,0.00759,0.038399
3000,1,2.0,4,age,education_num,0.041517,0.042535,0.001018
3000,1,2.0,4,age,hours_per_week,0.131864,0.138211,0.006347
3000,1,2.0,4,age,income_class,0.129583,0.145154,0.015571
3000,1,2.0,4,education_num,hours_per_week,0.03584,0.008558,0.027282
3000,1,2.0,4,education_num,income_class,0.286015,0.263326,0.022688
3000,1,2.0,4,hours_per_week,income_class,0.045989,0.005594,0.040394
3000,2,0.1,0,age,education_num,0.041517,0.339977,0.29846
3000,2,0.1,0,age,hours_per_week,0.131864,0.259337,0.127474
3000,2,0.1,0,age,income_class,0.129583,0.471518,0.341935
3000,2,0.1,0,education_num,hours_per_week,0.03584,0.10959,0.07375
3000,2,0.1,0,education_num,income_class,0.286015,0.268949,0.017066
3000,2,0.1,0,hours_per_week,income_class,0.045989,0.197943,0.151954
3000,2,0.1,1,age,education_num,0.041517,0.24248,0.200963
3000,2,0.1,1,age,hours_per_week,0.131864,0.210414,0.07855
3000,2,0.1,1,age,income_class,0.129583,0.170477,0.040894
3000,2,0.1,1,education_num,hours_per_week,0.03584,0.144878,0.109038
3000,2,0.1,1,education_num,income_class,0.286015,0.44282,0.156805
3000,2,0.1,1,hours_per_week,income_class,0.045989,0.168624,0.122635
3000,2,0.1,2,age,education_num,0.041517,0.305606,0.264089
3000,2,0.1,2,age,hours_per_week,0.131864,0.255955,0.124091
3000,2,0.1,2,age,income_class,0.129583,0.191299,0.061716
3000,2,0.1,2,education_num,hours_per_week,0.03584,0.12171,0.08587
3000,2,0.1,2,education_num,income_class,0.286015,0.12049,0.165524
3000,2,0.1,2,hours_per_week,income_class,0.045989,0.232046,0.186057
3000,2,0.1,3,age,education_num,0.041517,0.153965,0.112448
3000,2,0.1,3,age,hours_per_week,0.131864,0.292226,0.160362
3000,2,0.1,3,age,income_class,0.129583,0.294614,0.165031
3000,2,0.1,3,education_num,hours_per_week,0.03584,0.387885,0.352045
3000,2,0.1,3,education_num,income_class,0.286015,0.190408,0.095606
3000,2,0.1,3,hours_per_week,income_class,0.045989,0.269983,0.223994
3000,2,0.1,4,age,education_num,0.041517,0.358074,0.316558
3000,2,0.1,4,age,hours_per_week,0.131864,0.195789,0.063925
3000,2,0.1,4,age,income_class,0.129583,0.108042,0.021541
3000,2,0.1,4,education_num,hours_per_week,0.03584,0.422337,0.386497
3000,2,0.1,4,education_num,income_class,0.286015,0.294936,0.008922
3000,2,0.1,4,hours_per_week,income_class,0.045989,0.193652,0.147663
3000,2,0.5,0,age,education_num,0.041517,0.13308,0.091564
3000,2,0.5,0,age,hours_per_week,0.131864,0.030202,0.101661
3000,2,0.5,0,age,income_class,0.129583,0.129646,6.3e-05
3000,2,0.5,0,education_num,hours_per_week,0.03584,0.140991,0.105152
3000,2,0.5,0,education_num,income_class,0.286015,0.325789,0.039775
3000,2,0.5,0,hours_per_week,income_class,0.045989,0.14649,0.100501
3000,2,0.5,1,age,education_num,0.041517,0.128263,0.086746
3000,2,0.5,1,age,hours_per_week,0.131864,0.130359,0.001504
3000,2,0.5,1,age,income_class,0.129583,0.093379,0.036204
3000,2,0.5,1,education_num,hours_per_week,0.03584,0.077545,0.041705
3000,2,0.5,1,education_num,income_class,0.286015,0.204521,0.081493
3000,2,0.5,1,hours_per_week,income_class,0.045989,0.140373,0.094385
3000,2,0.5,2,age,education_num,0.041517,0.182713,0.141197
3000,2,0.5,2,age,hours_per_week,0.131864,0.034998,0.096865
3000,2,0.5,2,age,income_class,0.129583,0.095137,0.034446
3000,2,0.5,2,education_num,hours_per_week,0.03584,0.259119,0.223279
3000,2,0.5,2,education_num,income_class,0.286015,0.305787,0.019772
3000,2,0.5,2,hours_per_week,income_class,0.045989,0.09608,0.050091
3000,2,0.5,3,age,education_num,0.041517,0.063354,0.021837
3000,2,0.5,3,age,hours_per_week,0.131864,0.26494,0.133076
3000,2,0.5,3,age,income_class,0.129583,0.089392,0.04019
3000,2,0.5,3,education_num,hours_per_week,0.03584,0.243863,0.208023
3000,2,0.5,3,education_num,income_class,0.286015,0.275485,0.01053
3000,2,0.5,3,hours_per_week,income_class,0.045989,0.086514,0.040525
3000,2,0.5,4,age,education_num,0.041517,0.188145,0.146628
3000,2,0.5,4,age,hours_per_week,0.131864,0.084606,0.047258
3000,2,0.5,4,age,income_class,0.129583,0.04061,0.088973
3000,2,0.5,4,education_num,hours_per_week,0.03584,0.155821,0.119981
3000,2,0.5,4,education_num,income_class,0.286015,0.17188,0.114135
3000,2,0.5,4,hours_per_week,income_class,0.045989,0.11053,0.064541
3000,2,1.0,0,age,education_num,0.041517,0.091235,0.049718
3000,2,1.0,0,age,hours_per_week,0.131864,0.02415,0.107714
3000,2,1.0,0,age,income_class,0.129583,0.127646,0.001936
3000,2,1.0,0,education_num,hours_per_week,0.03584,0.110711,0.074871
3000,2,1.0,0,education_num,income_class,0.286015,0.269681,0.016334
3000,2,1.0,0,hours_per_week,income_class,0.045989,0.102725,0.056736
3000,2,1.0,1,age,education_num,0.041517,0.096763,0.055246
3000,2,1.0,1,age,hours_per_week,0.131864,0.126976,0.004888
3000,2,1.0,1,age,income_class,0.129583,0.094299,0.035284
3000,2,1.0,1,education_num,hours_per_week,0.03584,0.049043,0.013203
3000,2,1.0,1,education_num,income_class,0.286015,0.217008,0.069007
3000,2,1.0,1,hours_per_week,income_class,0.045989,0.1254,0.079411
3000,2,1.0,2,age,education_num,0.041517,0.103598,0.062082
3000,2,1.0,2,age,hours_per_week,0.131864,0.024175,0.107689
3000,2,1.0,2,age,income_class,0.129583,0.102048,0.027535
3000,2,1.0,2,education_num,hours_per_week,0.03584,0.179248,0.143408
3000,2,1.0,2,education_num,income_class,0.286015,0.277273,0.008741
3000,2,1.0,2,hours_per_week,income_class,0.045989,0.071583,0.025595
3000,2,1.0,3,age,education_num,0.041517,0.04426,0.002744
3000,2,1.0,3,age,hours_per_week,0.131864,0.228298,0.096434
3000,2,1.0,3,age,income_class,0.129583,0.076308,0.053275
3000,2,1.0,3,education_num,hours_per_week,0.03584,0.173722,0.137882
3000,2,1.0,3,education_num,income_class,0.286015,0.262828,0.023186
3000,2,1.0,3,hours_per_week,income_class,0.045989,0.082149,0.03616
3000,2,1.0,4,age,education_num,0.041517,0.032748,0.008769
3000,2,1.0,4,age,hours_per_week,0.131864,0.138281,0.006417
3000,2,1.0,4,age,income_class,0.129583,0.144725,0.015142
3000,2,1.0,4,education_num,hours_per_week,0.03584,0.071747,0.035907
3000,2,1.0,4,education_num,income_class,0.286015,0.158954,0.127061
3000,2,1.0,4,hours_per_week,income_class,0.045989,0.092206,0.046217
3000,2,2.0,0,age,education_num,0.041517,0.071012,0.029495
3000,2,2.0,0,age,hours_per_week,0.131864,0.018157,0.113707
3000,2,2.0,0,age,income_class,0.129583,0.130398,0.000815
3000,2,2.0,0,education_num,hours_per_week,0.03584,0.074641,0.038801
3000,2,2.0,0,education_num,income_class,0.286015,0.262515,0.023499
3000,2,2.0,0,hours_per_week,income_class,0.045989,0.07904,0.033051
3000,2,2.0,1,age,education_num,0.041517,0.056922,0.015405
3000,2,2.0,1,age,hours_per_week,0.131864,0.117366,0.014498
3000,2,2.0,1,age,income_class,0.129583,0.104579,0.025004
3000,2,2.0,1,education_num,hours_per_week,0.03584,0.04633,0.01049
3000,2,2.0,1,education_num,income_class,0.286015,0.238444,0.04757
3000,2,2.0,1,hours_per_week,income_class,0.045989,0.109296,0.063308
3000,2,2.0,2,age,education_num,0.041517,0.098011,0.056494
3000,2,2.0,2,age,hours_per_week,0.131864,0.12856,0.003303
3000,2,2.0,2,age,income_class,0.129583,0.132412,0.002829
3000,2,2.0,2,education_num,hours_per_week,0.03584,0.026587,0.009253
3000,2,2.0,2,education_num,income_class,0.286015,0.254088,0.031927
3000,2,2.0,2,hours_per_week,income_class,0.045989,0.061482,0.015494
3000,2,2.0,3,age,education_num,0.041517,0.097874,0.056357
3000,2,2.0,3,age,hours_per_week,0.131864,0.112307,0.019556
3000,2,2.0,3,age,income_class,0.129583,0.114043,0.01554
3000,2,2.0,3,education_num,hours_per_week,0.03584,0.134664,0.098824
3000,2,2.0,3,education_num,income_class,0.286015,0.261702,0.024313
3000,2,2.0,3,hours_per_week,income_class,0.045989,0.024919,0.02107
3000,2,2.0,4,age,education_num,0.041517,0.043477,0.00196
3000,2,2.0,4,age,hours_per_week,0.131864,0.134657,0.002793
3000,2,2.0,4,age,income_class,0.129583,0.141379,0.011796
3000,2,2.0,4,education_num,hours_per_week,0.03584,0.053108,0.017268
3000,2,2.0,4,education_num,income_class,0.286015,0.173873,0.112142
3000,2,2.0,4,hours_per_week,income_class,0.045989,0.068612,0.022623
5000,0,0.1,0,age,education_num,0.041681,0.005249,0.036432
5000,0,0.1,0,age,hours_per_week,0.119099,0.000932,0.118167
5000,0,0.1,0,age,income_class,0.138735,0.002128,0.136607
5000,0,0.1,0,education_num,hours_per_week,0.026509,0.004658,0.021851
5000,0,0.1,0,education_num,income_class,0.275594,0.005191,0.270402
5000,0,0.1,0,hours_per_week,income_class,0.040845,0.001508,0.039336
5000,0,0.1,1,age,education_num,0.041681,0.003889,0.037793
5000,0,0.1,1,age,hours_per_week,0.119099,0.003299,0.115801
5000,0,0.1,1,age,income_class,0.138735,0.004037,0.134698
5000,0,0.1,1,education_num,hours_per_week,0.026509,0.003311,0.023199
5000,0,0.1,1,education_num,income_class,0.275594,0.004468,0.271125
5000,0,0.1,1,hours_per_week,income_class,0.040845,0.002016,0.038828
5000,0,0.1,2,age,education_num,0.041681,0.005571,0.036111
5000,0,0.1,2,age,hours_per_week,0.119099,0.003149,0.11595
5000,0,0.1,2,age,income_class,0.138735,0.002702,0.136033
5000,0,0.1,2,education_num,hours_per_week,0.026509,0.007396,0.019113
5000,0,0.1,2,education_num,income_class,0.275594,0.002642,0.272952
5000,0,0.1,2,hours_per_week,income_class,0.040845,0.002297,0.038548
5000,0,0.1,3,age,education_num,0.041681,0.005027,0.036655
5000,0,0.1,3,age,hours_per_week,0.119099,0.00376,0.11534
5000,0,0.1,3,age,income_class,0.138735,0.000751,0.137984
5000,0,0.1,3,education_num,hours_per_week,0.026509,0.005886,0.020623
5000,0,0.1,3,education_num,income_class,0.275594,0.00438,0.271214
5000,0,0.1,3,hours_per_week,income_class,0.040845,0.002149,0.038696
5000,0,0.1,4,age,education_num,0.041681,0.005933,0.035748
5000,0,0.1,4,age,hours_per_week,0.119099,0.003016,0.116083
5000,0,0.1,4,age,income_class,0.138735,0.00216,0.136575
5000,0,0.1,4,education_num,hours_per_week,0.026509,0.005794,0.020715
5000,0,0.1,4,education_num,income_class,0.275594,0.003943,0.27165
5000,0,0.1,4,hours_per_week,income_class,0.040845,0.003206,0.037639
5000,0,0.5,0,age,education_num,0.041681,0.005501,0.03618
5000,0,0.5,0,age,hours_per_week,0.119099,0.001277,0.117822
5000,0,0.5,0,age,income_class,0.138735,0.002807,0.135928
5000,0,0.5,0,education_num,hours_per_week,0.026509,0.006366,0.020143
5000,0,0.5,0,education_num,income_class,0.275594,0.006307,0.269287
5000,0,0.5,0,hours_per_week,income_class,0.040845,0.00185,0.038994
5000,0,0.5,1,age,education_num,0.041681,0.004974,0.036707
5000,0,0.5,1,age,hours_per_week,0.119099,0.003375,0.115724
5000,0,0.5,1,age,income_class,0.138735,0.004105,0.13463
5000,0,0.5,1,education_num,hours_per_week,0.026509,0.004784,0.021725
5000,0,0.5,1,education_num,income_class,0.275594,0.004055,0.271539
5000,0,0.5,1,hours_per_week,income_class,0.040845,0.003526,0.037319
5000,0,0.5,2,age,education_num,0.041681,0.004921,0.036761
5000,0,0.5,2,age,hours_per_week,0.119099,0.002992,0.116107
5000,0,0.5,2,age,income_class,0.138735,0.002586,0.136149
5000,0,0.5,2,education_num,hours_per_week,0.026509,0.006392,0.020118
5000,0,0.5,2,education_num,income_class,0.275594,0.003153,0.272441
5000,0,0.5,2,hours_per_week,income_class,0.040845,0.002142,0.038703
5000,0,0.5,3,age,education_num,0.041681,0.005935,0.035747
5000,0,0.5,3,age,hours_per_week,0.119099,0.003797,0.115303
5000,0,0.5,3,age,income_class,0.138735,0.001061,0.137674
5000,0,0.5,3,education_num,hours_per_week,0.026509,0.006128,0.020381
5000,0,0.5,3,education_num,income_class,0.275594,0.00364,0.271954
5000,0,0.5,3,hours_per_week,income_class,0.040845,0.00299,0.037854
5000,0,0.5,4,age,education_num,0.041681,0.005842,0.03584
5000,0,0.5,4,age,hours_per_week,0.119099,0.003483,0.115617
5000,0,0.5,4,age,income_class,0.138735,0.002248,0.136487
5000,0,0.5,4,education_num,hours_per_week,0.026509,0.00757,0.01894
5000,0,0.5,4,education_num,income_class,0.275594,0.003865,0.271729
5000,0,0.5,4,hours_per_week,income_class,0.040845,0.003664,0.037181
5000,0,1.0,0,age,education_num,0.041681,0.005368,0.036313
5000,0,1.0,0,age,hours_per_week,0.119099,0.001594,0.117505
5000,0,1.0,0,age,income_class,0.138735,0.003008,0.135727
5000,0,1.0,0,education_num,hours_per_week,0.026509,0.006544,0.019966
5000,0,1.0,0,education_num,income_class,0.275594,0.00543,0.270164
5000,0,1.0,0,hours_per_week,income_class,0.040845,0.001729,0.039116
5000,0,1.0,1,age,education_num,0.041681,0.004515,0.037166
5000,0,1.0,1,age,hours_per_week,0.119099,0.002504,0.116595
5000,0,1.0,1,age,income_class,0.138735,0.004367,0.134368
5000,0,1.0,1,education_num,hours_per_week,0.026509,0.004992,0.021517
5000,0,1.0,1,education_num,income_class,0.275594,0.004268,0.271326
5000,0,1.0,1,hours_per_week,income_class,0.040845,0.003072,0.037773
5000,0,1.0,2,age,education_num,0.041681,0.005081,0.0366
5000,0,1.0,2,age,hours_per_week,0.119099,0.00342,0.11568
5000,0,1.0,2,age,income_class,0.138735,0.002626,0.136109
5000,0,1.0,2,education_num,hours_per_week,0.026509,0.00602,0.020489
5000,0,1.0,2,education_num,income_class,0.275594,0.003145,0.272448
5000,0,1.0,2,hours_per_week,income_class,0.040845,0.002983,0.037862
5000,0,1.0,3,age,education_num,0.041681,0.005534,0.036147
5000,0,1.0,3,age,hours_per_week,0.119099,0.003342,0.115757
5000,0,1.0,3,age,income_class,0.138735,0.001289,0.137446
5000,0,1.0,3,education_num,hours_per_week,0.026509,0.005802,0.020708
5000,0,1.0,3,education_num,income_class,0.275594,0.004723,0.270871
5000,0,1.0,3,hours_per_week,income_class,0.040845,0.003573,0.037272
5000,0,1.0,4,age,education_num,0.041681,0.006463,0.035218
5000,0,1.0,4,age,hours_per_week,0.119099,0.003097,0.116003
5000,0,1.0,4,age,income_class,0.138735,0.002149,0.136586
5000,0,1.0,4,education_num,hours_per_week,0.026509,0.006337,0.020172
5000,0,1.0,4,education_num,income_class,0.275594,0.004162,0.271431
5000,0,1.0,4,hours_per_week,income_class,0.040845,0.003799,0.037046
5000,0,2.0,0,age,education_num,0.041681,0.005398,0.036283
5000,0,2.0,0,age,hours_per_week,0.119099,0.001529,0.11757
5000,0,2.0,0,age,income_class,0.138735,0.002526,0.136209
5000,0,2.0,0,education_num,hours_per_week,0.026509,0.006648,0.019861
5000,0,2.0,0,education_num,income_class,0.275594,0.005022,0.270572
5000,0,2.0,0,hours_per_week,income_class,0.040845,0.001574,0.039271
5000,0,2.0,1,age,education_num,0.041681,0.004536,0.037145
5000,0,2.0,1,age,hours_per_week,0.119099,0.00272,0.11638
5000,0,2.0,1,age,income_class,0.138735,0.004156,0.134579
5000,0,2.0,1,education_num,hours_per_week,0.026509,0.00461,0.0219
5000,0,2.0,1,education_num,income_class,0.275594,0.004049,0.271544
5000,0,2.0,1,hours_per_week,income_class,0.040845,0.002823,0.038022
5000,0,2.0,2,age,education_num,0.041681,0.004961,0.03672
5000,0,2.0,2,age,hours_per_week,0.119099,0.003746,0.115354
5000,0,2.0,2,age,income_class,0.138735,0.00296,0.135775
5000,0,2.0,2,education_num,hours_per_week,0.026509,0.005888,0.020622
5000,0,2.0,2,education_num,income_class,0.275594,0.004976,0.270617
5000,0,2.0,2,hours_per_week,income_class,0.040845,0.003787,0.037057
5000,0,2.0,3,age,education_num,0.041681,0.005863,0.035818
5000,0,2.0,3,age,hours_per_week,0.119099,0.003388,0.115712
5000,0,2.0,3,age,income_class,0.138735,0.001401,0.137334
5000,0,2.0,3,education_num,hours_per_week,0.026509,0.006017,0.020492
5000,0,2.0,3,education_num,income_class,0.275594,0.004559,0.271035
5000,0,2.0,3,hours_per_week,income_class,0.040845,0.003515,0.03733
5000,0,2.0,4,age,education_num,0.041681,0.006354,0.035327
5000,0,2.0,4,age,hours_per_week,0.119099,0.003525,0.115575
5000,0,2.0,4,age,income_class,0.138735,0.002369,0.136366
5000,0,2.0,4,education_num,hours_per_week,0.026509,0.005997,0.020512
5000,0,2.0,4,education_num,income_class,0.275594,0.003592,0.272002
5000,0,2.0,4,hours_per_week,income_class,0.040845,0.003963,0.036881
5000,1,0.1,0,age,education_num,0.041681,0.115489,0.073807
5000,1,0.1,0,age,hours_per_week,0.119099,0.087076,0.032023
5000,1,0.1,0,age,income_class,0.138735,0.468698,0.329963
5000,1,0.1,0,education_num,hours_per_week,0.026509,0.077331,0.050822
5000,1,0.1,0,education_num,income_class,0.275594,0.449138,0.173545
5000,1,0.1,0,hours_per_week,income_class,0.040845,0.349489,0.308644
5000,1,0.1,1,age,education_num,0.041681,0.476095,0.434414
5000,1,0.1,1,age,hours_per_week,0.119099,0.405539,0.286439
5000,1,0.1,1,age,income_class,0.138735,0.046913,0.091821
5000,1,0.1,1,education_num,hours_per_week,0.026509,0.09395,0.067441
5000,1,0.1,1,education_num,income_class,0.275594,0.350543,0.07495
5000,1,0.1,1,hours_per_week,income_class,0.040845,0.012107,0.028738
5000,1,0.1,2,age,education_num,0.041681,0.05892,0.017239
5000,1,0.1,2,age,hours_per_week,0.119099,0.528171,0.409071
5000,1,0.1,2,age,income_class,0.138735,0.161198,0.022463
5000,1,0.1,2,education_num,hours_per_week,0.026509,0.016545,0.009965
5000,1,0.1,2,education_num,income_class,0.275594,0.563637,0.288043
5000,1,0.1,2,hours_per_week,income_class,0.040845,0.027825,0.01302
5000,1,0.1,3,age,education_num,0.041681,0.679632,0.637951
5000,1,0.1,3,age,hours_per_week,0.119099,0.392916,0.273817
5000,1,0.1,3,age,income_class,0.138735,0.244997,0.106263
5000,1,0.1,3,education_num,hours_per_week,0.026509,0.122251,0.095742
5000,1,0.1,3,education_num,income_class,0.275594,0.050814,0.224779
5000,1,0.1,3,hours_per_week,income_class,0.040845,0.058261,0.017416
5000,1,0.1,4,age,education_num,0.041681,0.042976,0.001295
5000,1,0.1,4,age,hours_per_week,0.119099,0.325967,0.206867
5000,1,0.1,4,age,income_class,0.138735,0.007716,0.131019
5000,1,0.1,4,education_num,hours_per_week,0.026509,0.319284,0.292775
5000,1,0.1,4,education_num,income_class,0.275594,0.472674,0.19708
5000,1,0.1,4,hours_per_week,income_class,0.040845,0.038131,0.002714
5000,1,0.5,0,age,education_num,0.041681,0.040114,0.001568
5000,1,0.5,0,age,hours_per_week,0.119099,0.017902,0.101197
5000,1,0.5,0,age,income_class,0.138735,0.151181,0.012447
5000,1,0.5,0,education_num,hours_per_week,0.026509,0.034455,0.007946
5000,1,0.5,0,education_num,income_class,0.275594,0.321371,0.045777
5000,1,0.5,0,hours_per_week,income_class,0.040845,0.145402,0.104557
5000,1,0.5,1,age,education_num,0.041681,0.103215,0.061534
5000,1,0.5,1,age,hours_per_week,0.119099,0.14493,0.02583
5000,1,0.5,1,age,income_class,0.138735,0.007767,0.130968
5000,1,0.5,1,education_num,hours_per_week,0.026509,0.011602,0.014907
5000,1,0.5,1,education_num,income_class,0.275594,0.216091,0.059503
5000,1,0.5,1,hours_per_week,income_class,0.040845,0.002109,0.038735
5000,1,0.5,2,age,education_num,0.041681,0.039163,0.002519
5000,1,0.5,2,age,hours_per_week,0.119099,0.018513,0.100586
5000,1,0.5,2,age,income_class,0.138735,0.159974,0.021239
5000,1,0.5,2,education_num,hours_per_week,0.026509,0.031115,0.004606
5000,1,0.5,2,education_num,income_class,0.275594,0.296939,0.021345
5000,1,0.5,2,hours_per_week,income_class,0.040845,0.12392,0.083075
5000,1,0.5,3,age,education_num,0.041681,0.185969,0.144287
5000,1,0.5,3,age,hours_per_week,0.119099,0.00706,0.112039
5000,1,0.5,3,age,income_class,0.138735,0.030228,0.108507
5000,1,0.5,3,education_num,hours_per_week,0.026509,0.030797,0.004288
5000,1,0.5,3,education_num,income_class,0.275594,0.293266,0.017673
5000,1,0.5,3,hours_per_week,income_class,0.040845,0.099897,0.059052
5000,1,0.5,4,age,education_num,0.041681,0.148174,0.106492
5000,1,0.5,4,age,hours_per_week,0.119099,0.127103,0.008003
5000,1,0.5,4,age,income_class,0.138735,0.180236,0.041501
5000,1,0.5,4,education_num,hours_per_week,0.026509,0.008493,0.018016
5000,1,0.5,4,education_num,income_class,0.275594,0.017685,0.257909
5000,1,0.5,4,hours_per_week,income_class,0.040845,0.007166,0.033679
5000,1,1.0,0,age,education_num,0.041681,0.047842,0.006161
5000,1,1.0,0,age,hours_per_week,0.119099,0.014887,0.104212
5000,1,1.0,0,age,income_class,0.138735,0.138353,0.000382
5000,1,1.0,0,education_num,hours_per_week,0.026509,0.031069,0.00456
5000,1,1.0,0,education_num,income_class,0.275594,0.296364,0.020771
5000,1,1.0,0,hours_per_week,income_class,0.040845,0.097746,0.056902
5000,1,1.0,1,age,education_num,0.041681,0.044078,0.002396
5000,1,1.0,1,age,hours_per_week,0.119099,0.154223,0.035123
5000,1,1.0,1,age,income_class,0.138735,0.200463,0.061728
5000,1,1.0,1,education_num,hours_per_week,0.026509,0.008816,0.017694
5000,1,1.0,1,education_num,income_class,0.275594,0.232609,0.042985
5000,1,1.0,1,hours_per_week,income_class,0.040845,0.011755,0.02909
5000,1,1.0,2,age,education_num,0.041681,0.109392,0.067711
5000,1,1.0,2,age,hours_per_week,0.119099,0.003744,0.115356
5000,1,1.0,2,age,income_class,0.138735,0.013874,0.124861
5000,1,1.0,2,education_num,hours_per_week,0.026509,0.018968,0.007541
5000,1,1.0,2,education_num,income_class,0.275594,0.267016,0.008577
5000,1,1.0,2,hours_per_week,income_class,0.040845,0.059835,0.01899
5000,1,1.0,3,age,education_num,0.041681,0.092012,0.05033
5000,1,1.0,3,age,hours_per_week,0.119099,0.170208,0.051108
5000,1,1.0,3,age,income_class,0.138735,0.013922,0.124813
5000,1,1.0,3,education_num,hours_per_week,0.026509,0.011092,0.015417
5000,1,1.0,3,education_num,income_class,0.275594,0.273449,0.002145
5000,1,1.0,3,hours_per_week,income_class,0.040845,0.003393,0.037451
5000,1,1.0,4,age,education_num,0.041681,0.043971,0.002289
5000,1,1.0,4,age,hours_per_week,0.119099,0.121914,0.002814
5000,1,1.0,4,age,income_class,0.138735,0.146356,0.007621
5000,1,1.0,4,education_num,hours_per_week,0.026509,0.005062,0.021448
5000,1,1.0,4,education_num,income_class,0.275594,0.261965,0.013629
5000,1,1.0,4,hours_per_week,income_class,0.040845,0.004519,0.036326
5000,1,2.0,0,age,education_num,0.041681,0.054691,0.01301
5000,1,2.0,0,age,hours_per_week,0.119099,0.014137,0.104962
5000,1,2.0,0,age,income_class,0.138735,0.140057,0.001322
5000,1,2.0,0,education_num,hours_per_week,0.026509,0.026694,0.000184
5000,1,2.0,0,education_num,income_class,0.275594,0.296771,0.021178
5000,1,2.0,0,hours_per_week,income_class,0.040845,0.070161,0.029316
5000,1,2.0,1,age,education_num,0.041681,0.051173,0.009492
5000,1,2.0,1,age,hours_per_week,0.119099,0.128269,0.00917
5000,1,2.0,1,age,income_class,0.138735,0.169659,0.030924
5000,1,2.0,1,education_num,hours_per_week,0.026509,0.006738,0.019771
5000,1,2.0,1,education_num,income_class,0.275594,0.244256,0.031338
5000,1,2.0,1,hours_per_week,income_class,0.040845,0.00805,0.032795
5000,1,2.0,2,age,education_num,0.041681,0.051728,0.010046
5000,1,2.0,2,age,hours_per_week,0.119099,0.121512,0.002412
5000,1,2.0,2,age,income_class,0.138735,0.163843,0.025108
5000,1,2.0,2,education_num,hours_per_week,0.026509,0.007923,0.018586
5000,1,2.0,2,education_num,income_class,0.275594,0.261143,0.014451
5000,1,2.0,2,hours_per_week,income_class,0.040845,0.008645,0.0322
5000,1,2.0,3,age,education_num,0.041681,0.055813,0.014132
5000,1,2.0,3,age,hours_per_week,0.119099,0.119656,0.000556
5000,1,2.0,3,age,income_class,0.138735,0.139009,0.000274
5000,1,2.0,3,education_num,hours_per_week,0.026509,0.003693,0.022816
5000,1,2.0,3,education_num,income_class,0.275594,0.263406,0.012188
5000,1,2.0,3,hours_per_week,income_class,0.040845,0.007337,0.033507
5000,1,2.0,4,age,education_num,0.041681,0.053121,0.01144
5000,1,2.0,4,age,hours_per_week,0.119099,0.123187,0.004088
5000,1,2.0,4,age,income_class,0.138735,0.137235,0.0015
5000,1,2.0,4,education_num,hours_per_week,0.026509,0.006462,0.020047
5000,1,2.0,4,education_num,income_class,0.275594,0.262053,0.01354
5000,1,2.0,4,hours_per_week,income_class,0.040845,0.005424,0.035421
5000,2,0.1,0,age,education_num,0.041681,0.33124,0.289559
5000,2,0.1,0,age,hours_per_week,0.119099,0.237236,0.118136
5000,2,0.1,0,age,income_class,0.138735,0.46072,0.321985
5000,2,0.1,0,education_num,hours_per_week,0.026509,0.0737,0.047191
5000,2,0.1,0,education_num,income_class,0.275594,0.239217,0.036377
5000,2,0.1,0,hours_per_week,income_class,0.040845,0.178137,0.137292
5000,2,0.1,1,age,education_num,0.041681,0.195398,0.153716
5000,2,0.1,1,age,hours_per_week,0.119099,0.173172,0.054073
5000,2,0.1,1,age,income_class,0.138735,0.140633,0.001898
5000,2,0.1,1,education_num,hours_per_week,0.026509,0.107806,0.081297
5000,2,0.1,1,education_num,income_class,0.275594,0.341601,0.066007
5000,2,0.1,1,hours_per_week,income_class,0.040845,0.153768,0.112923
5000,2,0.1,2,age,education_num,0.041681,0.218662,0.176981
5000,2,0.1,2,age,hours_per_week,0.119099,0.227947,0.108848
5000,2,0.1,2,age,income_class,0.138735,0.161299,0.022564
5000,2,0.1,2,education_num,hours_per_week,0.026509,0.089943,0.063434
5000,2,0.1,2,education_num,income_class,0.275594,0.110918,0.164675
5000,2,0.1,2,hours_per_week,income_class,0.040845,0.202409,0.161564
5000,2,0.1,3,age,education_num,0.041681,0.110467,0.068786
5000,2,0.1,3,age,hours_per_week,0.119099,0.236269,0.117169
5000,2,0.1,3,age,income_class,0.138735,0.248116,0.109381
5000,2,0.1,3,education_num,hours_per_week,0.026509,0.32961,0.303101
5000,2,0.1,3,education_num,income_class,0.275594,0.164898,0.110696
5000,2,0.1,3,hours_per_week,income_class,0.040845,0.207982,0.167137
5000,2,0.1,4,age,education_num,0.041681,0.321737,0.280056
5000,2,0.1,4,age,hours_per_week,0.119099,0.15602,0.03692
5000,2,0.1,4,age,income_class,0.138735,0.079865,0.05887
5000,2,0.1,4,education_num,hours_per_week,0.026509,0.332484,0.305975
5000,2,0.1,4,education_num,income_class,0.275594,0.237655,0.037939
5000,2,0.1,4,hours_per_week,income_class,0.040845,0.152094,0.11125
5000,2,0.5,0,age,education_num,0.041681,0.111122,0.069441
5000,2,0.5,0,age,hours_per_week,0.119099,0.022219,0.096881
5000,2,0.5,0,age,income_class,0.138735,0.14508,0.006345
5000,2,0.5,0,education_num,hours_per_week,0.026509,0.101348,0.074839
5000,2,0.5,0,education_num,income_class,0.275594,0.294182,0.018588
5000,2,0.5,0,hours_per_week,income_class,0.040845,0.114804,0.073959
5000,2,0.5,1,age,education_num,0.041681,0.089566,0.047884
5000,2,0.5,1,age,hours_per_week,0.119099,0.105837,0.013263
5000,2,0.5,1,age,income_class,0.138735,0.100671,0.038063
5000,2,0.5,1,education_num,hours_per_week,0.026509,0.047877,0.021368
5000,2,0.5,1,education_num,income_class,0.275594,0.215708,0.059886
5000,2,0.5,1,hours_per_week,income_class,0.040845,0.136636,0.095792
5000,2,0.5,2,age,education_num,0.041681,0.152448,0.110767
5000,2,0.5,2,age,hours_per_week,0.119099,0.024374,0.094725
5000,2,0.5,2,age,income_class,0.138735,0.102597,0.036137
5000,2,0.5,2,education_num,hours_per_week,0.026509,0.180687,0.154178
5000,2,0.5,2,education_num,income_class,0.275594,0.291483,0.015889
5000,2,0.5,2,hours_per_week,income_class,0.040845,0.07095,0.030105
5000,2,0.5,3,age,education_num,0.041681,0.044384,0.002702
5000,2,0.5,3,age,hours_per_week,0.119099,0.217127,0.098027
5000,2,0.5,3,age,income_class,0.138735,0.078489,0.060246
5000,2,0.5,3,education_num,hours_per_week,0.026509,0.187742,0.161232
5000,2,0.5,3,education_num,income_class,0.275594,0.278636,0.003043
5000,2,0.5,3,hours_per_week,income_class,0.040845,0.083696,0.042851
5000,2,0.5,4,age,education_num,0.041681,0.038036,0.003646
5000,2,0.5,4,age,hours_per_week,0.119099,0.125709,0.006609
5000,2,0.5,4,age,income_class,0.138735,0.156259,0.017525
5000,2,0.5,4,education_num,hours_per_week,0.026509,0.085023,0.058514
5000,2,0.5,4,education_num,income_class,0.275594,0.170041,0.105553
5000,2,0.5,4,hours_per_week,income_class,0.040845,0.100091,0.059246
5000,2,1.0,0,age,education_num,0.041681,0.091112,0.049431
5000,2,1.0,0,age,hours_per_week,0.119099,0.015058,0.104041
5000,2,1.0,0,age,income_class,0.138735,0.139735,0.001001
5000,2,1.0,0,education_num,hours_per_week,0.026509,0.087098,0.060589
5000,2,1.0,0,education_num,income_class,0.275594,0.268394,0.007199
5000,2,1.0,0,hours_per_week,income_class,0.040845,0.082027,0.041182
5000,2,1.0,1,age,education_num,0.041681,0.062448,0.020766
5000,2,1.0,1,age,hours_per_week,0.119099,0.098687,0.020412
5000,2,1.0,1,age,income_class,0.138735,0.106653,0.032082
5000,2,1.0,1,education_num,hours_per_week,0.026509,0.038165,0.011655
5000,2,1.0,1,education_num,income_class,0.275594,0.23495,0.040643
5000,2,1.0,1,hours_per_week,income_class,0.040845,0.104846,0.064001
5000,2,1.0,2,age,education_num,0.041681,0.109425,0.067744
5000,2,1.0,2,age,hours_per_week,0.119099,0.12525,0.006151
5000,2,1.0,2,age,income_class,0.138735,0.119496,0.019238
5000,2,1.0,2,education_num,hours_per_week,0.026509,0.031583,0.005074
5000,2,1.0,2,education_num,income_class,0.275594,0.268321,0.007272
5000,2,1.0,2,hours_per_week,income_class,0.040845,0.0714,0.030555
5000,2,1.0,3,age,education_num,0.041681,0.110432,0.068751
5000,2,1.0,3,age,hours_per_week,0.119099,0.108408,0.010691
5000,2,1.0,3,age,income_class,0.138735,0.113944,0.024791
5000,2,1.0,3,education_num,hours_per_week,0.026509,0.126394,0.099884
5000,2,1.0,3,education_num,income_class,0.275594,0.259193,0.016401
5000,2,1.0,3,hours_per_week,income_class,0.040845,0.026233,0.014611
5000,2,1.0,4,age,education_num,0.041681,0.048724,0.007043
5000,2,1.0,4,age,hours_per_week,0.119099,0.119734,0.000634
5000,2,1.0,4,age,income_class,0.138735,0.145259,0.006524
5000,2,1.0,4,education_num,hours_per_week,0.026509,0.050342,0.023832
5000,2,1.0,4,education_num,income_class,0.275594,0.182404,0.09319
5000,2,1.0,4,hours_per_week,income_class,0.040845,0.061732,0.020887
5000,2,2.0,0,age,education_num,0.041681,0.059808,0.018127
5000,2,2.0,0,age,hours_per_week,0.119099,0.110457,0.008643
5000,2,2.0,0,age,income_class,0.138735,0.151964,0.013229
5000,2,2.0,0,education_num,hours_per_week,0.026509,0.020535,0.005974
5000,2,2.0,0,education_num,income_class,0.275594,0.282171,0.006577
5000,2,2.0,0,hours_per_week,income_class,0.040845,0.06849,0.027646
5000,2,2.0,1,age,education_num,0.041681,0.04147,0.000212
5000,2,2.0,1,age,hours_per_week,0.119099,0.10036,0.01874
5000,2,2.0,1,age,income_class,0.138735,0.111553,0.027182
5000,2,2.0,1,education_num,hours_per_week,0.026509,0.027544,0.001035
5000,2,2.0,1,education_num,income_class,0.275594,0.240705,0.034888
5000,2,2.0,1,hours_per_week,income_class,0.040845,0.08174,0.040896
5000,2,2.0,2,age,education_num,0.041681,0.064241,0.022559
5000,2,2.0,2,age,hours_per_week,0.119099,0.117762,0.001337
5000,2,2.0,2,age,income_class,0.138735,0.119651,0.019084
5000,2,2.0,2,education_num,hours_per_week,0.026509,0.027619,0.00111
5000,2,2.0,2,education_num,income_class,0.275594,0.26232,0.013274
5000,2,2.0,2,hours_per_week,income_class,0.040845,0.0596,0.018755
5000,2,2.0,3,age,education_num,0.041681,0.083397,0.041715
5000,2,2.0,3,age,hours_per_week,0.119099,0.094873,0.024227
5000,2,2.0,3,age,income_class,0.138735,0.135255,0.00348
5000,2,2.0,3,education_num,hours_per_week,0.026509,0.092714,0.066204
5000,2,2.0,3,education_num,income_class,0.275594,0.254431,0.021163
5000,2,2.0,3,hours_per_week,income_class,0.040845,0.027665,0.01318
5000,2,2.0,4,age,education_num,0.041681,0.050343,0.008661
5000,2,2.0,4,age,hours_per_week,0.119099,0.117403,0.001696
5000,2,2.0,4,age,income_class,0.138735,0.139059,0.000324
5000,2,2.0,4,education_num,hours_per_week,0.026509,0.035389,0.008879
5000,2,2.0,4,education_num,income_class,0.275594,0.213643,0.061951
5000,2,2.0,4,hours_per_week,income_class,0.040845,0.050285,0.00944
10000,0,0.1,0,age,education_num,0.045492,0.002903,0.042589
10000,0,0.1,0,age,hours_per_week,0.123256,0.001647,0.121609
10000,0,0.1,0,age,income_class,0.138833,0.000788,0.138045
10000,0,0.1,0,education_num,hours_per_week,0.024088,0.001513,0.022575
10000,0,0.1,0,education_num,income_class,0.273411,0.002888,0.270523
10000,0,0.1,0,hours_per_week,income_class,0.034457,0.000684,0.033773
10000,0,0.1,1,age,education_num,0.045492,0.002105,0.043387
10000,0,0.1,1,age,hours_per_week,0.123256,0.001336,0.121921
10000,0,0.1,1,age,income_class,0.138833,0.001498,0.137335
10000,0,0.1,1,education_num,hours_per_week,0.024088,0.002837,0.021251
10000,0,0.1,1,education_num,income_class,0.273411,0.002887,0.270524
10000,0,0.1,1,hours_per_week,income_class,0.034457,0.001575,0.032883
10000,0,0.1,2,age,education_num,0.045492,0.00291,0.042582
10000,0,0.1,2,age,hours_per_week,0.123256,0.001091,0.122166
10000,0,0.1,2,age,income_class,0.138833,0.000813,0.13802
10000,0,0.1,2,education_num,hours_per_week,0.024088,0.002531,0.021557
10000,0,0.1,2,education_num,income_class,0.273411,0.001992,0.271419
10000,0,0.1,2,hours_per_week,income_class,0.034457,0.001747,0.03271
10000,0,0.1,3,age,education_num,0.045492,0.002393,0.043099
10000,0,0.1,3,age,hours_per_week,0.123256,0.001312,0.121945
10000,0,0.1,3,age,income_class,0.138833,0.000679,0.138153
10000,0,0.1,3,education_num,hours_per_week,0.024088,0.002591,0.021497
10000,0,0.1,3,education_num,income_class,0.273411,0.001414,0.271997
10000,0,0.1,3,hours_per_week,income_class,0.034457,0.001078,0.03338
10000,0,0.1,4,age,education_num,0.045492,0.002739,0.042753
10000,0,0.1,4,age,hours_per_week,0.123256,0.000931,0.122326
10000,0,0.1,4,age,income_class,0.138833,0.000823,0.13801
10000,0,0.1,4,education_num,hours_per_week,0.024088,0.002372,0.021716
10000,0,0.1,4,education_num,income_class,0.273411,0.003574,0.269837
10000,0,0.1,4,hours_per_week,income_class,0.034457,0.000738,0.033719
10000,0,0.5,0,age,education_num,0.045492,0.002597,0.042896
10000,0,0.5,0,age,hours_per_week,0.123256,0.001901,0.121355
10000,0,0.5,0,age,income_class,0.138833,0.001015,0.137818
10000,0,0.5,0,education_num,hours_per_week,0.024088,0.002383,0.021705
10000,0,0.5,0,education_num,income_class,0.273411,0.002539,0.270871
10000,0,0.5,0,hours_per_week,income_class,0.034457,0.001156,0.033302
10000,0,0.5,1,age,education_num,0.045492,0.002126,0.043366
10000,0,0.5,1,age,hours_per_week,0.123256,0.001201,0.122055
10000,0,0.5,1,age,income_class,0.138833,0.00158,0.137253
10000,0,0.5,1,education_num,hours_per_week,0.024088,0.002542,0.021546
10000,0,0.5,1,education_num,income_class,0.273411,0.00259,0.270821
10000,0,0.5,1,hours_per_week,income_class,0.034457,0.001111,0.033347
10000,0,0.5,2,age,education_num,0.045492,0.002259,0.043233
10000,0,0.5,2,age,hours_per_week,0.123256,0.001461,0.121795
10000,0,0.5,2,age,income_class,0.138833,0.0009,0.137933
10000,0,0.5,2,education_num,hours_per_week,0.024088,0.00257,0.021518
10000,0,0.5,2,education_num,income_class,0.273411,0.001893,0.271518
10000,0,0.5,2,hours_per_week,income_class,0.034457,0.001236,0.033221
10000,0,0.5,3,age,education_num,0.045492,0.00209,0.043403
10000,0,0.5,3,age,hours_per_week,0.123256,0.001988,0.121268
10000,0,0.5,3,age,income_class,0.138833,0.001029,0.137804
10000,0,0.5,3,education_num,hours_per_week,0.024088,0.00238,0.021708
10000,0,0.5,3,education_num,income_class,0.273411,0.001679,0.271732
10000,0,0.5,3,hours_per_week,income_class,0.034457,0.001475,0.032982
10000,0,0.5,4,age,education_num,0.045492,0.002149,0.043343
10000,0,0.5,4,age,hours_per_week,0.123256,0.001466,0.12179
10000,0,0.5,4,age,income_class,0.138833,0.001038,0.137795
10000,0,0.5,4,education_num,hours_per_week,0.024088,0.003017,0.021071
10000,0,0.5,4,education_num,income_class,0.273411,0.003377,0.270034
10000,0,0.5,4,hours_per_week,income_class,0.034457,0.001258,0.033199
10000,0,1.0,0,age,education_num,0.045492,0.002392,0.0431
10000,0,1.0,0,age,hours_per_week,0.123256,0.00224,0.121017
10000,0,1.0,0,age,income_class,0.138833,0.001157,0.137676
10000,0,1.0,0,education_num,hours_per_week,0.024088,0.002346,0.021742
10000,0,1.0,0,education_num,income_class,0.273411,0.002311,0.2711
10000,0,1.0,0,hours_per_week,income_class,0.034457,0.001397,0.03306
10000,0,1.0,1,age,education_num,0.045492,0.00232,0.043173
10000,0,1.0,1,age,hours_per_week,0.123256,0.001156,0.1221
10000,0,1.0,1,age,income_class,0.138833,0.001501,0.137331
10000,0,1.0,1,education_num,hours_per_week,0.024088,0.002572,0.021516
10000,0,1.0,1,education_num,income_class,0.273411,0.002527,0.270883
10000,0,1.0,1,hours_per_week,income_class,0.034457,0.001132,0.033325
10000,0,1.0,2,age,education_num,0.045492,0.0023,0.043193
10000,0,1.0,2,age,hours_per_week,0.123256,0.001354,0.121902
10000,0,1.0,2,age,income_class,0.138833,0.001283,0.137549
10000,0,1.0,2,education_num,hours_per_week,0.024088,0.002208,0.02188
10000,0,1.0,2,education_num,income_class,0.273411,0.002171,0.27124
10000,0,1.0,2,hours_per_week,income_class,0.034457,0.001879,0.032578
10000,0,1.0,3,age,education_num,0.045492,0.002048,0.043444
10000,0,1.0,3,age,hours_per_week,0.123256,0.001805,0.121451
10000,0,1.0,3,age,income_class,0.138833,0.001076,0.137757
10000,0,1.0,3,education_num,hours_per_week,0.024088,0.002358,0.02173
10000,0,1.0,3,education_num,income_class,0.273411,0.001536,0.271875
10000,0,1.0,3,hours_per_week,income_class,0.034457,0.001343,0.033115
10000,0,1.0,4,age,education_num,0.045492,0.002054,0.043438
10000,0,1.0,4,age,hours_per_week,0.123256,0.001042,0.122214
10000,0,1.0,4,age,income_class,0.138833,0.000938,0.137894
10000,0,1.0,4,education_num,hours_per_week,0.024088,0.002835,0.021253
10000,0,1.0,4,education_num,income_class,0.273411,0.003374,0.270037
10000,0,1.0,4,hours_per_week,income_class,0.034457,0.001093,0.033365
10000,0,2.0,0,age,education_num,0.045492,0.002456,0.043037
10000,0,2.0,0,age,hours_per_week,0.123256,0.002146,0.12111
10000,0,2.0,0,age,income_class,0.138833,0.001246,0.137587
10000,0,2.0,0,education_num,hours_per_week,0.024088,0.002395,0.021693
10000,0,2.0,0,education_num,income_class,0.273411,0.002352,0.271059
10000,0,2.0,0,hours_per_week,income_class,0.034457,0.001394,0.033063
10000,0,2.0,1,age,education_num,0.045492,0.002254,0.043238
10000,0,2.0,1,age,hours_per_week,0.123256,0.001195,0.122062
10000,0,2.0,1,age,income_class,0.138833,0.00155,0.137283
10000,0,2.0,1,education_num,hours_per_week,0.024088,0.002888,0.0212
10000,0,2.0,1,education_num,income_class,0.273411,0.00256,0.270851
10000,0,2.0,1,hours_per_week,income_class,0.034457,0.000976,0.033481
10000,0,2.0,2,age,education_num,0.045492,0.002359,0.043133
10000,0,2.0,2,age,hours_per_week,0.123256,0.001558,0.121698
10000,0,2.0,2,age,income_class,0.138833,0.001663,0.137169
10000,0,2.0,2,education_num,hours_per_week,0.024088,0.00248,0.021608
10000,0,2.0,2,education_num,income_class,0.273411,0.002359,0.271052
10000,0,2.0,2,hours_per_week,income_class,0.034457,0.00175,0.032707
10000,0,2.0,3,age,education_num,0.045492,0.002134,0.043358
10000,0,2.0,3,age,hours_per_week,0.123256,0.001654,0.121602
10000,0,2.0,3,age,income_class,0.138833,0.001414,0.137418
10000,0,2.0,3,education_num,hours_per_week,0.024088,0.002245,0.021843
10000,0,2.0,3,education_num,income_class,0.273411,0.001523,0.271888
10000,0,2.0,3,hours_per_week,income_class,0.034457,0.001303,0.033155
10000,0,2.0,4,age,education_num,0.045492,0.002065,0.043427
10000,0,2.0,4,age,hours_per_week,0.123256,0.00125,0.122007
10000,0,2.0,4,age,income_class,0.138833,0.000983,0.13785
10000,0,2.0,4,education_num,hours_per_week,0.024088,0.002973,0.021115
10000,0,2.0,4,education_num,income_class,0.273411,0.003252,0.270159
10000,0,2.0,4,hours_per_week,income_class,0.034457,0.001055,0.033402
10000,1,0.1,0,age,education_num,0.045492,0.073196,0.027704
10000,1,0.1,0,age,hours_per_week,0.123256,0.052463,0.070793
10000,1,0.1,0,age,income_class,0.138833,0.420632,0.281799
10000,1,0.1,0,education_num,hours_per_week,0.024088,0.043385,0.019297
10000,1,0.1,0,education_num,income_class,0.273411,0.34834,0.074929
10000,1,0.1,0,hours_per_week,income_class,0.034457,0.241248,0.20679
10000,1,0.1,1,age,education_num,0.045492,0.298386,0.252894
10000,1,0.1,1,age,hours_per_week,0.123256,0.25431,0.131054
10000,1,0.1,1,age,income_class,0.138833,0.012347,0.126485
10000,1,0.1,1,education_num,hours_per_week,0.024088,0.031376,0.007288
10000,1,0.1,1,education_num,income_class,0.273411,0.219748,0.053663
10000,1,0.1,1,hours_per_week,income_class,0.034457,0.00285,0.031608
10000,1,0.1,2,age,education_num,0.045492,0.054932,0.00944
10000,1,0.1,2,age,hours_per_week,0.123256,0.002324,0.120932
10000,1,0.1,2,age,income_class,0.138833,0.196636,0.057804
10000,1,0.1,2,education_num,hours_per_week,0.024088,0.371703,0.347615
10000,1,0.1,2,education_num,income_class,0.273411,0.322377,0.048967
10000,1,0.1,2,hours_per_week,income_class,0.034457,0.021214,0.013243
10000,1,0.1,3,age,education_num,0.045492,0.050465,0.004973
10000,1,0.1,3,age,hours_per_week,0.123256,0.259131,0.135874
10000,1,0.1,3,age,income_class,0.138833,0.231164,0.092331
10000,1,0.1,3,education_num,hours_per_week,0.024088,0.010496,0.013592
10000,1,0.1,3,education_num,income_class,0.273411,0.329774,0.056363
10000,1,0.1,3,hours_per_week,income_class,0.034457,0.028122,0.006335
10000,1,0.1,4,age,education_num,0.045492,0.021356,0.024137
10000,1,0.1,4,age,hours_per_week,0.123256,0.233416,0.110159
10000,1,0.1,4,age,income_class,0.138833,0.002411,0.136421
10000,1,0.1,4,education_num,hours_per_week,0.024088,0.21538,0.191292
10000,1,0.1,4,education_num,income_class,0.273411,0.354788,0.081377
10000,1,0.1,4,hours_per_week,income_class,0.034457,0.01309,0.021367
10000,1,0.5,0,age,education_num,0.045492,0.044808,0.000684
10000,1,0.5,0,age,hours_per_week,0.123256,0.012819,0.110438
10000,1,0.5,0,age,income_class,0.138833,0.1418,0.002968
10000,1,0.5,0,education_num,hours_per_week,0.024088,0.022548,0.00154
10000,1,0.5,0,education_num,income_class,0.273411,0.278211,0.0048
10000,1,0.5,0,hours_per_week,income_class,0.034457,0.086806,0.052349
10000,1,0.5,1,age,education_num,0.045492,0.041758,0.003734
10000,1,0.5,1,age,hours_per_week,0.123256,0.149139,0.025882
10000,1,0.5,1,age,income_class,0.138833,0.179994,0.041161
10000,1,0.5,1,education_num,hours_per_week,0.024088,0.004816,0.019272
10000,1,0.5,1,education_num,income_class,0.273411,0.216413,0.056998
10000,1,0.5,1,hours_per_week,income_class,0.034457,0.008526,0.025931
10000,1,0.5,2,age,education_num,0.045492,0.119013,0.073521
10000,1,0.5,2,age,hours_per_week,0.123256,0.002108,0.121148
10000,1,0.5,2,age,income_class,0.138833,0.015534,0.123298
10000,1,0.5,2,education_num,hours_per_week,0.024088,0.01152,0.012568
10000,1,0.5,2,education_num,income_class,0.273411,0.268503,0.004908
10000,1,0.5,2,hours_per_week,income_class,0.034457,0.039545,0.005088
10000,1,0.5,3,age,education_num,0.045492,0.087092,0.0416
10000,1,0.5,3,age,hours_per_week,0.123256,0.173008,0.049751
10000,1,0.5,3,age,income_class,0.138833,0.014687,0.124145
10000,1,0.5,3,education_num,hours_per_week,0.024088,0.007609,0.016479
10000,1,0.5,3,education_num,income_class,0.273411,0.263576,0.009835
10000,1,0.5,3,hours_per_week,income_class,0.034457,0.001181,0.033276
10000,1,0.5,4,age,education_num,0.045492,0.045771,0.000279
10000,1,0.5,4,age,hours_per_week,0.123256,0.117805,0.005452
10000,1,0.5,4,age,income_class,0.138833,0.165135,0.026303
10000,1,0.5,4,education_num,hours_per_week,0.024088,0.003789,0.020299
10000,1,0.5,4,education_num,income_class,0.273411,0.260387,0.013024
10000,1,0.5,4,hours_per_week,income_class,0.034457,0.003306,0.031151
10000,1,1.0,0,age,education_num,0.045492,0.050153,0.004661
10000,1,1.0,0,age,hours_per_week,0.123256,0.01059,0.112666
10000,1,1.0,0,age,income_class,0.138833,0.140036,0.001204
10000,1,1.0,0,education_num,hours_per_week,0.024088,0.017764,0.006324
10000,1,1.0,0,education_num,income_class,0.273411,0.282398,0.008987
10000,1,1.0,0,hours_per_week,income_class,0.034457,0.057398,0.022941
10000,1,1.0,1,age,education_num,0.045492,0.046235,0.000743
10000,1,1.0,1,age,hours_per_week,0.123256,0.129983,0.006727
10000,1,1.0,1,age,income_class,0.138833,0.1554,0.016568
10000,1,1.0,1,education_num,hours_per_week,0.024088,0.003486,0.020602
10000,1,1.0,1,education_num,income_class,0.273411,0.232835,0.040576
10000,1,1.0,1,hours_per_week,income_class,0.034457,0.006947,0.027511
10000,1,1.0,2,age,education_num,0.045492,0.052989,0.007497
10000,1,1.0,2,age,hours_per_week,0.123256,0.135062,0.011806
10000,1,1.0,2,age,income_class,0.138833,0.163143,0.02431
10000,1,1.0,2,education_num,hours_per_week,0.024088,0.004786,0.019302
10000,1,1.0,2,education_num,income_class,0.273411,0.264991,0.00842
10000,1,1.0,2,hours_per_week,income_class,0.034457,0.006276,0.028182
10000,1,1.0,3,age,education_num,0.045492,0.047449,0.001956
10000,1,1.0,3,age,hours_per_week,0.123256,0.106025,0.017231
10000,1,1.0,3,age,income_class,0.138833,0.13645,0.002383
10000,1,1.0,3,education_num,hours_per_week,0.024088,0.003568,0.02052
10000,1,1.0,3,education_num,income_class,0.273411,0.264931,0.00848
10000,1,1.0,3,hours_per_week,income_class,0.034457,0.003166,0.031291
10000,1,1.0,4,age,education_num,0.045492,0.052135,0.006643
10000,1,1.0,4,age,hours_per_week,0.123256,0.119882,0.003374
10000,1,1.0,4,age,income_class,0.138833,0.1556,0.016768
10000,1,1.0,4,education_num,hours_per_week,0.024088,0.004338,0.01975
10000,1,1.0,4,education_num,income_class,0.273411,0.261904,0.011507
10000,1,1.0,4,hours_per_week,income_class,0.034457,0.002463,0.031995
10000,1,2.0,0,age,education_num,0.045492,0.052527,0.007035
10000,1,2.0,0,age,hours_per_week,0.123256,0.137802,0.014546
10000,1,2.0,0,age,income_class,0.138833,0.141701,0.002868
10000,1,2.0,0,education_num,hours_per_week,0.024088,0.00438,0.019708
10000,1,2.0,0,education_num,income_class,0.273411,0.280245,0.006834
10000,1,2.0,0,hours_per_week,income_class,0.034457,0.004928,0.02953
10000,1,2.0,1,age,education_num,0.045492,0.050581,0.005088
10000,1,2.0,1,age,hours_per_week,0.123256,0.120887,0.002369
10000,1,2.0,1,age,income_class,0.138833,0.146734,0.007902
10000,1,2.0,1,education_num,hours_per_week,0.024088,0.003259,0.020829
10000,1,2.0,1,education_num,income_class,0.273411,0.249315,0.024096
10000,1,2.0,1,hours_per_week,income_class,0.034457,0.004184,0.030274
10000,1,2.0,2,age,education_num,0.045492,0.053793,0.0083
10000,1,2.0,2,age,hours_per_week,0.123256,0.131796,0.00854
10000,1,2.0,2,age,income_class,0.138833,0.151889,0.013056
10000,1,2.0,2,education_num,hours_per_week,0.024088,0.004568,0.01952
10000,1,2.0,2,education_num,income_class,0.273411,0.265905,0.007506
10000,1,2.0,2,hours_per_week,income_class,0.034457,0.004805,0.029652
10000,1,2.0,3,age,education_num,0.045492,0.05155,0.006057
10000,1,2.0,3,age,hours_per_week,0.123256,0.112221,0.011035
10000,1,2.0,3,age,income_class,0.138833,0.136932,0.0019
10000,1,2.0,3,education_num,hours_per_week,0.024088,0.003076,0.021013
10000,1,2.0,3,education_num,income_class,0.273411,0.268587,0.004824
10000,1,2.0,3,hours_per_week,income_class,0.034457,0.003835,0.030622
10000,1,2.0,4,age,education_num,0.045492,0.05561,0.010118
10000,1,2.0,4,age,hours_per_week,0.123256,0.123145,0.000111
10000,1,2.0,4,age,income_class,0.138833,0.14991,0.011078
10000,1,2.0,4,education_num,hours_per_week,0.024088,0.002801,0.021287
10000,1,2.0,4,education_num,income_class,0.273411,0.263692,0.009719
10000,1,2.0,4,hours_per_week,income_class,0.034457,0.003784,0.030674
10000,2,0.1,0,age,education_num,0.045492,0.290343,0.244851
10000,2,0.1,0,age,hours_per_week,0.123256,0.189897,0.066641
10000,2,0.1,0,age,income_class,0.138833,0.419301,0.280469
10000,2,0.1,0,education_num,hours_per_week,0.024088,0.048599,0.024511
10000,2,0.1,0,education_num,income_class,0.273411,0.200931,0.07248
10000,2,0.1,0,hours_per_week,income_class,0.034457,0.132048,0.09759
10000,2,0.1,1,age,education_num,0.045492,0.152553,0.107061
10000,2,0.1,1,age,hours_per_week,0.123256,0.14022,0.016964
10000,2,0.1,1,age,income_class,0.138833,0.109838,0.028995
10000,2,0.1,1,education_num,hours_per_week,0.024088,0.07377,0.049682
10000,2,0.1,1,education_num,income_class,0.273411,0.222087,0.051324
10000,2,0.1,1,hours_per_week,income_class,0.034457,0.138864,0.104407
10000,2,0.1,2,age,education_num,0.045492,0.249862,0.20437
10000,2,0.1,2,age,hours_per_week,0.123256,0.055329,0.067928
10000,2,0.1,2,age,income_class,0.138833,0.100202,0.03863
10000,2,0.1,2,education_num,hours_per_week,0.024088,0.322094,0.298006
10000,2,0.1,2,education_num,income_class,0.273411,0.324428,0.051017
10000,2,0.1,2,hours_per_week,income_class,0.034457,0.112792,0.078334
10000,2,0.1,3,age,education_num,0.045492,0.077053,0.03156
10000,2,0.1,3,age,hours_per_week,0.123256,0.160586,0.037329
10000,2,0.1,3,age,income_class,0.138833,0.233049,0.094217
10000,2,0.1,3,education_num,hours_per_week,0.024088,0.25349,0.229402
10000,2,0.1,3,education_num,income_class,0.273411,0.158858,0.114553
10000,2,0.1,3,hours_per_week,income_class,0.034457,0.166694,0.132236
10000,2,0.1,4,age,education_num,0.045492,0.242061,0.196569
10000,2,0.1,4,age,hours_per_week,0.123256,0.105628,0.017628
10000,2,0.1,4,age,income_class,0.138833,0.037701,0.101132
10000,2,0.1,4,education_num,hours_per_week,0.024088,0.219113,0.195025
10000,2,0.1,4,education_num,income_class,0.273411,0.203996,0.069415
10000,2,0.1,4,hours_per_week,income_class,0.034457,0.109981,0.075523
10000,2,0.5,0,age,education_num,0.045492,0.087581,0.042089
10000,2,0.5,0,age,hours_per_week,0.123256,0.01081,0.112446
10000,2,0.5,0,age,income_class,0.138833,0.144001,0.005168
10000,2,0.5,0,education_num,hours_per_week,0.024088,0.076972,0.052884
10000,2,0.5,0,education_num,income_class,0.273411,0.283433,0.010023
10000,2,0.5,0,hours_per_week,income_class,0.034457,0.076314,0.041856
10000,2,0.5,1,age,education_num,0.045492,0.062839,0.017347
10000,2,0.5,1,age,hours_per_week,0.123256,0.103301,0.019955
10000,2,0.5,1,age,income_class,0.138833,0.103058,0.035775
10000,2,0.5,1,education_num,hours_per_week,0.024088,0.03596,0.011872
10000,2,0.5,1,education_num,income_class,0.273411,0.215194,0.058217
10000,2,0.5,1,hours_per_week,income_class,0.034457,0.098042,0.063585
10000,2,0.5,2,age,education_num,0.045492,0.104462,0.05897
10000,2,0.5,2,age,hours_per_week,0.123256,0.123524,0.000268
10000,2,0.5,2,age,income_class,0.138833,0.128947,0.009886
10000,2,0.5,2,education_num,hours_per_week,0.024088,0.027032,0.002944
10000,2,0.5,2,education_num,income_class,0.273411,0.267854,0.005557
10000,2,0.5,2,hours_per_week,income_class,0.034457,0.064145,0.029687
10000,2,0.5,3,age,education_num,0.045492,0.110074,0.064582
10000,2,0.5,3,age,hours_per_week,0.123256,0.158637,0.03538
10000,2,0.5,3,age,income_class,0.138833,0.110119,0.028714
10000,2,0.5,3,education_num,hours_per_week,0.024088,0.029716,0.005628
10000,2,0.5,3,education_num,income_class,0.273411,0.269965,0.003446
10000,2,0.5,3,hours_per_week,income_class,0.034457,0.05996,0.025502
10000,2,0.5,4,age,education_num,0.045492,0.039493,0.005999
10000,2,0.5,4,age,hours_per_week,0.123256,0.118506,0.004751
10000,2,0.5,4,age,income_class,0.138833,0.143581,0.004748
10000,2,0.5,4,education_num,hours_per_week,0.024088,0.05085,0.026762
10000,2,0.5,4,education_num,income_class,0.273411,0.18737,0.086041
10000,2,0.5,4,hours_per_week,income_class,0.034457,0.063714,0.029257
10000,2,1.0,0,age,education_num,0.045492,0.07135,0.025858
10000,2,1.0,0,age,hours_per_week,0.123256,0.099951,0.023306
10000,2,1.0,0,age,income_class,0.138833,0.147868,0.009035
10000,2,1.0,0,education_num,hours_per_week,0.024088,0.024491,0.000403
10000,2,1.0,0,education_num,income_class,0.273411,0.281889,0.008478
10000,2,1.0,0,hours_per_week,income_class,0.034457,0.067157,0.0327
10000,2,1.0,1,age,education_num,0.045492,0.0463,0.000808
10000,2,1.0,1,age,hours_per_week,0.123256,0.100701,0.022555
10000,2,1.0,1,age,income_class,0.138833,0.113852,0.02498
10000,2,1.0,1,education_num,hours_per_week,0.024088,0.024688,0.0006
10000,2,1.0,1,education_num,income_class,0.273411,0.232722,0.040689
10000,2,1.0,1,hours_per_week,income_class,0.034457,0.064481,0.030024
10000,2,1.0,2,age,education_num,0.045492,0.079164,0.033672
10000,2,1.0,2,age,hours_per_week,0.123256,0.115232,0.008025
10000,2,1.0,2,age,income_class,0.138833,0.13606,0.002773
10000,2,1.0,2,education_num,hours_per_week,0.024088,0.020834,0.003254
10000,2,1.0,2,education_num,income_class,0.273411,0.260634,0.012777
10000,2,1.0,2,hours_per_week,income_class,0.034457,0.050317,0.015859
10000,2,1.0,3,age,education_num,0.045492,0.075188,0.029696
10000,2,1.0,3,age,hours_per_week,0.123256,0.139779,0.016523
10000,2,1.0,3,age,income_class,0.138833,0.129116,0.009717
10000,2,1.0,3,education_num,hours_per_week,0.024088,0.021896,0.002193
10000,2,1.0,3,education_num,income_class,0.273411,0.267834,0.005577
10000,2,1.0,3,hours_per_week,income_class,0.034457,0.049282,0.014825
10000,2,1.0,4,age,education_num,0.045492,0.043847,0.001645
10000,2,1.0,4,age,hours_per_week,0.123256,0.118291,0.004966
10000,2,1.0,4,age,income_class,0.138833,0.141316,0.002484
10000,2,1.0,4,education_num,hours_per_week,0.024088,0.034209,0.010121
10000,2,1.0,4,education_num,income_class,0.273411,0.209917,0.063494
10000,2,1.0,4,hours_per_week,income_class,0.034457,0.0512,0.016742
10000,2,2.0,0,age,education_num,0.045492,0.052866,0.007374
10000,2,2.0,0,age,hours_per_week,0.123256,0.104162,0.019094
10000,2,2.0,0,age,income_class,0.138833,0.138333,0.000499
10000,2,2.0,0,education_num,hours_per_week,0.024088,0.022211,0.001877
10000,2,2.0,0,education_num,income_class,0.273411,0.279023,0.005612
10000,2,2.0,0,hours_per_week,income_class,0.034457,0.053693,0.019236
10000,2,2.0,1,age,education_num,0.045492,0.04352,0.001972
10000,2,2.0,1,age,hours_per_week,0.123256,0.09607,0.027186
10000,2,2.0,1,age,income_class,0.138833,0.125729,0.013103
10000,2,2.0,1,education_num,hours_per_week,0.024088,0.020565,0.003523
10000,2,2.0,1,education_num,income_class,0.273411,0.246506,0.026905
10000,2,2.0,1,hours_per_week,income_class,0.034457,0.049257,0.0148
10000,2,2.0,2,age,education_num,0.045492,0.065197,0.019704
10000,2,2.0,2,age,hours_per_week,0.123256,0.120533,0.002723
10000,2,2.0,2,age,income_class,0.138833,0.139894,0.001062
10000,2,2.0,2,education_num,hours_per_week,0.024088,0.019154,0.004934
10000,2,2.0,2,education_num,income_class,0.273411,0.261233,0.012178
10000,2,2.0,2,hours_per_week,income_class,0.034457,0.041188,0.00673
10000,2,2.0,3,age,education_num,0.045492,0.063447,0.017955
10000,2,2.0,3,age,hours_per_week,0.123256,0.128005,0.004748
10000,2,2.0,3,age,income_class,0.138833,0.135872,0.002961
10000,2,2.0,3,education_num,hours_per_week,0.024088,0.021965,0.002123
10000,2,2.0,3,education_num,income_class,0.273411,0.27,0.003411
10000,2,2.0,3,hours_per_week,income_class,0.034457,0.041147,0.00669
10000,2,2.0,4,age,education_num,0.045492,0.043647,0.001845
10000,2,2.0,4,age,hours_per_week,0.123256,0.120799,0.002458
10000,2,2.0,4,age,income_class,0.138833,0.141276,0.002443
10000,2,2.0,4,education_num,hours_per_week,0.024088,0.0269,0.002812
10000,2,2.0,4,education_num,income_class,0.273411,0.231348,0.042063
10000,2,2.0,4,hours_per_week,income_class,0.034457,0.046408,0.01195
